t_s,dt_s,az_raw,az_dynamic,vel_z,disp_z
0.000000,0.000000,9.689334,0.055483,0.000000,0.000000
0.010061,0.010061,9.605537,-0.028314,-0.000285,-0.000003
0.020001,0.009939,9.600749,-0.033102,-0.000614,-0.000009
0.030151,0.010150,9.622296,-0.011554,-0.000731,-0.000016
0.040023,0.009872,9.633070,-0.000780,-0.000739,-0.000024
0.050021,0.009997,9.607931,-0.025919,-0.000998,-0.000034
0.060003,0.009982,9.639056,0.005205,-0.000946,-0.000043
0.070045,0.010042,9.604340,-0.029511,-0.001242,-0.000056
0.080028,0.009983,9.654618,0.020768,-0.001035,-0.000066
0.090045,0.010018,9.607931,-0.025919,-0.001295,-0.000079
0.100015,0.009970,9.664195,0.030344,-0.000992,-0.000089
0.110034,0.010019,9.665392,0.031541,-0.000676,-0.000096
0.120594,0.010561,9.634267,0.000417,-0.000672,-0.000103
0.130132,0.009537,9.660604,0.026753,-0.000417,-0.000107
0.140010,0.009878,9.653421,0.019570,-0.000223,-0.000109
0.150030,0.010021,9.631873,-0.001977,-0.000243,-0.000111
0.159997,0.009967,9.634267,0.000417,-0.000239,-0.000114
0.170063,0.010066,9.589975,-0.043876,-0.000681,-0.000120
0.180040,0.009977,9.640253,0.006402,-0.000617,-0.000127
0.190044,0.010004,9.642647,0.008797,-0.000529,-0.000132
0.200028,0.009984,9.630676,-0.003174,-0.000560,-0.000138
0.210026,0.009998,9.653421,0.019570,-0.000365,-0.000141
0.220017,0.009992,9.618705,-0.015145,-0.000516,-0.000146
0.230150,0.010132,9.642647,0.008797,-0.000427,-0.000151
0.240020,0.009870,9.616311,-0.017540,-0.000600,-0.000157
0.250084,0.010064,9.634267,0.000417,-0.000596,-0.000163
0.260019,0.009935,9.593566,-0.040285,-0.000996,-0.000172
0.270028,0.010009,9.645041,0.011191,-0.000884,-0.000181
0.280007,0.009979,9.605537,-0.028314,-0.001167,-0.000193
0.290044,0.010038,9.634267,0.000417,-0.001162,-0.000205
0.300006,0.009962,9.621099,-0.012751,-0.001290,-0.000217
0.310047,0.010041,9.619902,-0.013948,-0.001430,-0.000232
0.320001,0.009953,9.653421,0.019570,-0.001235,-0.000244
0.330135,0.010135,9.677363,0.043512,-0.000794,-0.000252
0.340039,0.009904,9.652224,0.018373,-0.000612,-0.000258
0.350074,0.010035,9.580398,-0.053453,-0.001148,-0.000270
0.360024,0.009950,9.588778,-0.045073,-0.001597,-0.000286
0.370033,0.010009,9.622296,-0.011554,-0.001712,-0.000303
0.380013,0.009980,9.643844,0.009994,-0.001613,-0.000319
0.390028,0.010015,9.653421,0.019570,-0.001417,-0.000333
0.400028,0.010000,9.612720,-0.021131,-0.001628,-0.000349
0.410027,0.009999,9.631873,-0.001977,-0.001648,-0.000366
0.420014,0.009987,9.643844,0.009994,-0.001548,-0.000381
0.430122,0.010109,9.582792,-0.051059,-0.002064,-0.000402
0.440023,0.009901,9.654618,0.020768,-0.001858,-0.000421
0.450034,0.010011,9.587581,-0.046270,-0.002322,-0.000444
0.460007,0.009973,9.652224,0.018373,-0.002138,-0.000465
0.470081,0.010074,9.673772,0.039921,-0.001736,-0.000483
0.480021,0.009940,9.679757,0.045907,-0.001280,-0.000495
0.490035,0.010014,9.612720,-0.021131,-0.001492,-0.000510
0.500020,0.009985,9.635465,0.001614,-0.001475,-0.000525
0.510057,0.010037,9.588778,-0.045073,-0.001928,-0.000544
0.520010,0.009954,9.636662,0.002811,-0.001900,-0.000563
0.530121,0.010111,9.636662,0.002811,-0.001871,-0.000582
0.540030,0.009908,9.655815,0.021965,-0.001654,-0.000599
0.550061,0.010032,9.637859,0.004008,-0.001614,-0.000615
0.560031,0.009969,9.636662,0.002811,-0.001586,-0.000631
0.570049,0.010018,9.640253,0.006402,-0.001521,-0.000646
0.580013,0.009964,9.642647,0.008797,-0.001434,-0.000660
0.590025,0.010012,9.649830,0.015979,-0.001274,-0.000673
0.600004,0.009979,9.629479,-0.004372,-0.001317,-0.000686
0.610053,0.010048,9.670181,0.036330,-0.000952,-0.000696
0.620012,0.009959,9.645041,0.011191,-0.000841,-0.000704
0.630110,0.010098,9.621099,-0.012751,-0.000970,-0.000714
0.640028,0.009918,9.627085,-0.006766,-0.001037,-0.000724
0.650041,0.010013,9.641450,0.007599,-0.000961,-0.000734
0.660018,0.009977,9.659407,0.025556,-0.000706,-0.000741
0.670059,0.010040,9.624691,-0.009160,-0.000798,-0.000749
0.680230,0.010172,9.680954,0.047104,-0.000319,-0.000752
0.690100,0.009870,9.639056,0.005205,-0.000267,-0.000755
0.700027,0.009927,9.636662,0.002811,-0.000239,-0.000757
0.710059,0.010032,9.635465,0.001614,-0.000223,-0.000759
0.720053,0.009994,9.630676,-0.003174,-0.000255,-0.000762
0.730130,0.010077,9.622296,-0.011554,-0.000371,-0.000765
0.740024,0.009894,9.641450,0.007599,-0.000296,-0.000768
0.750033,0.010009,9.622296,-0.011554,-0.000412,-0.000772
0.760008,0.009975,9.655815,0.021965,-0.000193,-0.000774
0.770054,0.010046,9.627085,-0.006766,-0.000261,-0.000777
0.780001,0.009948,9.636662,0.002811,-0.000233,-0.000779
0.790094,0.010092,9.627085,-0.006766,-0.000301,-0.000782
0.800019,0.009926,9.673772,0.039921,0.000095,-0.000781
0.810045,0.010026,9.646238,0.012388,0.000220,-0.000779
0.819996,0.009950,9.586383,-0.047467,-0.000253,-0.000782
0.830138,0.010143,9.647436,0.013585,-0.000115,-0.000783
0.840035,0.009897,9.688137,0.054286,0.000422,-0.000779
0.850146,0.010111,9.646238,0.012388,0.000548,-0.000773
0.860028,0.009882,9.615114,-0.018737,0.000362,-0.000770
0.870114,0.010086,9.613917,-0.019934,0.000161,-0.000768
0.880040,0.009925,9.618705,-0.015145,0.000011,-0.000768
0.890040,0.010001,9.601946,-0.031905,-0.000308,-0.000771
0.900008,0.009968,9.583989,-0.049861,-0.000805,-0.000779
0.910043,0.010034,9.658209,0.024359,-0.000561,-0.000785
0.920014,0.009971,9.646238,0.012388,-0.000437,-0.000789
0.930144,0.010130,9.653421,0.019570,-0.000239,-0.000791
0.940037,0.009893,9.639056,0.005205,-0.000187,-0.000793
0.950045,0.010008,9.652224,0.018373,-0.000003,-0.000793
0.960006,0.009961,9.642647,0.008797,0.000084,-0.000792
0.970037,0.010031,9.635465,0.001614,0.000100,-0.000791
0.979999,0.009962,9.619902,-0.013948,-0.000039,-0.000792
0.990035,0.010036,9.589975,-0.043876,-0.000479,-0.000797
1.000041,0.010006,9.625888,-0.007963,-0.000559,-0.000802
1.010038,0.009997,9.673772,0.039921,-0.000160,-0.000804
1.020027,0.009989,9.621099,-0.012751,-0.000287,-0.000807
1.030182,0.010156,9.645041,0.011191,-0.000173,-0.000808
1.040072,0.009889,9.668983,0.035133,0.000174,-0.000807
1.050046,0.009974,9.637859,0.004008,0.000214,-0.000805
1.060020,0.009974,9.595960,-0.037890,-0.000164,-0.000806
1.070029,0.010010,9.661801,0.027950,0.000116,-0.000805
1.079996,0.009966,9.672575,0.038724,0.000502,-0.000800
1.090040,0.010044,9.612720,-0.021131,0.000290,-0.000797
1.100045,0.010005,9.662998,0.029147,0.000581,-0.000791
1.110027,0.009982,9.671378,0.037527,0.000956,-0.000782
1.120003,0.009976,9.617508,-0.016343,0.000793,-0.000774
1.130245,0.010243,9.637859,0.004008,0.000834,-0.000765
1.140036,0.009791,9.670181,0.036330,0.001190,-0.000754
1.150055,0.010019,9.674969,0.041118,0.001602,-0.000738
1.160025,0.009969,9.662998,0.029147,0.001892,-0.000719
1.170061,0.010036,9.627085,-0.006766,0.001824,-0.000700
1.180021,0.009960,9.623494,-0.010357,0.001721,-0.000683
1.190048,0.010027,9.610325,-0.023525,0.001485,-0.000668
1.200012,0.009964,9.660604,0.026753,0.001752,-0.000651
1.210053,0.010041,9.651027,0.017176,0.001924,-0.000632
1.220004,0.009951,9.624691,-0.009160,0.001833,-0.000613
1.230207,0.010203,9.660604,0.026753,0.002106,-0.000592
1.240048,0.009840,9.666589,0.032739,0.002428,-0.000568
1.250055,0.010007,9.611523,-0.022328,0.002205,-0.000546
1.260063,0.010009,9.654618,0.020768,0.002413,-0.000522
1.270051,0.009988,9.645041,0.011191,0.002524,-0.000497
1.280049,0.009998,9.633070,-0.000780,0.002517,-0.000471
1.290055,0.010006,9.654618,0.020768,0.002724,-0.000444
1.300061,0.010006,9.653421,0.019570,0.002920,-0.000415
1.310049,0.009989,9.645041,0.011191,0.003032,-0.000385
1.320034,0.009984,9.676166,0.042315,0.003455,-0.000350
1.330166,0.010132,9.601946,-0.031905,0.003131,-0.000318
1.340039,0.009873,9.628282,-0.005569,0.003076,-0.000288
1.350058,0.010019,9.628282,-0.005569,0.003020,-0.000258
1.360015,0.009957,9.639056,0.005205,0.003072,-0.000227
1.370036,0.010021,9.617508,-0.016343,0.002909,-0.000198
1.380000,0.009964,9.633070,-0.000780,0.002901,-0.000169
1.390038,0.010038,9.664195,0.030344,0.003205,-0.000137
1.400026,0.009989,9.636662,0.002811,0.003233,-0.000105
1.410061,0.010035,9.633070,-0.000780,0.003226,-0.000072
1.420027,0.009966,9.642647,0.008797,0.003313,-0.000039
1.430151,0.010123,9.671378,0.037527,0.003693,-0.000002
1.440024,0.009873,9.653421,0.019570,0.003886,0.000036
1.450049,0.010025,9.634267,0.000417,0.003891,0.000075
1.460465,0.010416,9.660604,0.026753,0.004169,0.000119
1.470043,0.009578,9.605537,-0.028314,0.003898,0.000156
1.480010,0.009967,9.619902,-0.013948,0.003759,0.000194
1.490057,0.010048,9.673772,0.039921,0.004160,0.000235
1.500019,0.009961,9.588778,-0.045073,0.003711,0.000272
1.510026,0.010007,9.633070,-0.000780,0.003703,0.000310
1.520015,0.009989,9.607931,-0.025919,0.003444,0.000344
1.530152,0.010138,9.636662,0.002811,0.003473,0.000379
1.540102,0.009950,9.641450,0.007599,0.003549,0.000414
1.550056,0.009954,9.611523,-0.022328,0.003326,0.000448
1.560018,0.009961,9.625888,-0.007963,0.003247,0.000480
1.570049,0.010031,9.609128,-0.024722,0.002999,0.000510
1.580016,0.009967,9.623494,-0.010357,0.002896,0.000539
1.590074,0.010058,9.604340,-0.029511,0.002599,0.000565
1.600026,0.009952,9.643844,0.009994,0.002698,0.000592
1.610060,0.010034,9.615114,-0.018737,0.002510,0.000617
1.619989,0.009929,9.629479,-0.004372,0.002467,0.000642
1.630143,0.010154,9.612720,-0.021131,0.002252,0.000664
1.640007,0.009865,9.659407,0.025556,0.002505,0.000689
1.650064,0.010057,9.636662,0.002811,0.002533,0.000715
1.660029,0.009964,9.589975,-0.043876,0.002096,0.000735
1.670071,0.010042,9.633070,-0.000780,0.002088,0.000756
1.680030,0.009959,9.612720,-0.021131,0.001877,0.000775
1.690055,0.010025,9.645041,0.011191,0.001990,0.000795
1.700004,0.009949,9.654618,0.020768,0.002196,0.000817
1.710037,0.010033,9.658209,0.024359,0.002441,0.000841
1.720089,0.010053,9.649830,0.015979,0.002601,0.000868
1.730161,0.010072,9.599552,-0.034299,0.002256,0.000890
1.740036,0.009875,9.647436,0.013585,0.002390,0.000914
1.750025,0.009989,9.642647,0.008797,0.002478,0.000939
1.760009,0.009984,9.646238,0.012388,0.002601,0.000965
1.770054,0.010044,9.605537,-0.028314,0.002317,0.000988
1.779996,0.009943,9.641450,0.007599,0.002393,0.001012
1.790047,0.010051,9.657012,0.023162,0.002625,0.001038
1.800004,0.009956,9.658209,0.024359,0.002868,0.001067
1.810052,0.010048,9.631873,-0.001977,0.002848,0.001095
1.820015,0.009963,9.627085,-0.006766,0.002781,0.001123
1.830145,0.010130,9.623494,-0.010357,0.002676,0.001150
1.840025,0.009880,9.616311,-0.017540,0.002502,0.001175
1.850044,0.010019,9.627085,-0.006766,0.002435,0.001199
1.860013,0.009969,9.607931,-0.025919,0.002176,0.001221
1.870047,0.010034,9.639056,0.005205,0.002228,0.001243
1.880029,0.009982,9.672575,0.038724,0.002615,0.001269
1.890048,0.010019,9.613917,-0.019934,0.002415,0.001293
1.900002,0.009955,9.586383,-0.047467,0.001943,0.001313
1.910046,0.010044,9.645041,0.011191,0.002055,0.001333
1.920013,0.009967,9.673772,0.039921,0.002453,0.001358
1.930142,0.010129,9.647436,0.013585,0.002591,0.001384
1.940045,0.009903,9.671378,0.037527,0.002962,0.001413
1.950055,0.010010,9.615114,-0.018737,0.002775,0.001441
1.959991,0.009936,9.613917,-0.019934,0.002577,0.001467
1.970056,0.010065,9.605537,-0.028314,0.002292,0.001490
1.980101,0.010046,9.574412,-0.059438,0.001695,0.001507
1.990051,0.009949,9.639056,0.005205,0.001746,0.001524
2.000044,0.009994,9.641450,0.007599,0.001822,0.001543
2.010046,0.010001,9.595960,-0.037890,0.001443,0.001557
2.020073,0.010027,9.658209,0.024359,0.001688,0.001574
2.030165,0.010092,9.607931,-0.025919,0.001426,0.001588
2.040007,0.009842,9.616311,-0.017540,0.001253,0.001601
2.050073,0.010067,9.613917,-0.019934,0.001053,0.001611
2.060028,0.009955,9.645041,0.011191,0.001164,0.001623
2.070047,0.010019,9.622296,-0.011554,0.001048,0.001633
2.080026,0.009978,9.617508,-0.016343,0.000885,0.001642
2.090055,0.010029,9.696517,0.062666,0.001514,0.001657
2.100027,0.009972,9.649830,0.015979,0.001673,0.001674
2.110035,0.010008,9.635465,0.001614,0.001689,0.001691
2.120010,0.009975,9.649830,0.015979,0.001849,0.001709
2.130156,0.010146,9.624691,-0.009160,0.001756,0.001727
2.140031,0.009875,9.599552,-0.034299,0.001417,0.001741
2.150037,0.010006,9.579201,-0.054650,0.000870,0.001750
2.160027,0.009990,9.633070,-0.000780,0.000862,0.001758
2.170039,0.010012,9.659407,0.025556,0.001118,0.001770
2.180046,0.010007,9.684546,0.050695,0.001626,0.001786
2.190034,0.009989,9.617508,-0.016343,0.001462,0.001801
2.200016,0.009982,9.673772,0.039921,0.001861,0.001819
2.210071,0.010054,9.624691,-0.009160,0.001769,0.001837
2.220115,0.010044,9.668983,0.035133,0.002122,0.001858
2.230160,0.010046,9.646238,0.012388,0.002246,0.001881
2.240024,0.009864,9.646238,0.012388,0.002368,0.001904
2.250051,0.010027,9.624691,-0.009160,0.002276,0.001927
2.260032,0.009981,9.647436,0.013585,0.002412,0.001951
2.270048,0.010015,9.647436,0.013585,0.002548,0.001977
2.280018,0.009970,9.613917,-0.019934,0.002349,0.002000
2.290339,0.010322,9.639056,0.005205,0.002403,0.002025
2.300140,0.009801,9.639056,0.005205,0.002454,0.002049
2.310084,0.009944,9.628282,-0.005569,0.002399,0.002073
2.320096,0.010012,9.604340,-0.029511,0.002103,0.002094
2.330138,0.010042,9.645041,0.011191,0.002216,0.002116
2.340080,0.009942,9.673772,0.039921,0.002612,0.002142
2.350045,0.009965,9.661801,0.027950,0.002891,0.002171
2.360069,0.010024,9.639056,0.005205,0.002943,0.002200
2.370049,0.009980,9.645041,0.011191,0.003055,0.002231
2.380065,0.010016,9.651027,0.017176,0.003227,0.002263
2.390052,0.009987,9.640253,0.006402,0.003291,0.002296
2.400061,0.010009,9.612720,-0.021131,0.003079,0.002327
2.410070,0.010009,9.591172,-0.042679,0.002652,0.002353
2.420077,0.010007,9.657012,0.023162,0.002884,0.002382
2.430153,0.010077,9.619902,-0.013948,0.002743,0.002410
2.440078,0.009924,9.666589,0.032739,0.003068,0.002440
2.450036,0.009958,9.634267,0.000417,0.003072,0.002471
2.460072,0.010036,9.659407,0.025556,0.003329,0.002504
2.470052,0.009980,9.629479,-0.004372,0.003285,0.002537
2.480063,0.010011,9.679757,0.045907,0.003745,0.002575
2.490048,0.009984,9.624691,-0.009160,0.003653,0.002611
2.500059,0.010012,9.631873,-0.001977,0.003634,0.002647
2.510099,0.010040,9.609128,-0.024722,0.003385,0.002681
2.520058,0.009958,9.640253,0.006402,0.003449,0.002716
2.530168,0.010110,9.631873,-0.001977,0.003429,0.002750
2.540067,0.009899,9.618705,-0.015145,0.003279,0.002783
2.550030,0.009963,9.641450,0.007599,0.003355,0.002816
2.560056,0.010026,9.654618,0.020768,0.003563,0.002852
2.570062,0.010005,9.665392,0.031541,0.003879,0.002891
2.580069,0.010007,9.655815,0.021965,0.004099,0.002932
2.590048,0.009979,9.618705,-0.015145,0.003947,0.002971
2.600062,0.010014,9.625888,-0.007963,0.003868,0.003010
2.610060,0.009998,9.629479,-0.004372,0.003824,0.003048
2.620070,0.010010,9.651027,0.017176,0.003996,0.003088
2.630150,0.010080,9.661801,0.027950,0.004278,0.003131
2.640075,0.009925,9.557653,-0.076198,0.003521,0.003166
2.650228,0.010152,9.660604,0.026753,0.003793,0.003205
2.660063,0.009835,9.631873,-0.001977,0.003774,0.003242
2.670104,0.010041,9.621099,-0.012751,0.003645,0.003279
2.680071,0.009968,9.704896,0.071046,0.004354,0.003322
2.690080,0.010009,9.619902,-0.013948,0.004214,0.003364
2.700056,0.009976,9.621099,-0.012751,0.004087,0.003405
2.710050,0.009994,9.603143,-0.030708,0.003780,0.003443
2.720086,0.010035,9.641450,0.007599,0.003856,0.003481
2.730146,0.010060,9.613917,-0.019934,0.003656,0.003518
2.740092,0.009946,9.634267,0.000417,0.003660,0.003554
2.750057,0.009965,9.645041,0.011191,0.003771,0.003592
2.760064,0.010007,9.642647,0.008797,0.003859,0.003631
2.770073,0.010009,9.643844,0.009994,0.003959,0.003670
2.780071,0.009999,9.634267,0.000417,0.003964,0.003710
2.790041,0.009970,9.607931,-0.025919,0.003705,0.003747
2.800066,0.010025,9.615114,-0.018737,0.003517,0.003782
2.810040,0.009974,9.609128,-0.024722,0.003271,0.003815
2.820055,0.010015,9.630676,-0.003174,0.003239,0.003847
2.830190,0.010135,9.628282,-0.005569,0.003182,0.003879
2.840071,0.009881,9.651027,0.017176,0.003352,0.003913
2.850056,0.009985,9.668983,0.035133,0.003703,0.003950
2.860070,0.010014,9.628282,-0.005569,0.003647,0.003986
2.870029,0.009960,9.648633,0.014782,0.003794,0.004024
2.880051,0.010022,9.583989,-0.049861,0.003295,0.004057
2.890049,0.009998,9.662998,0.029147,0.003586,0.004093
2.900061,0.010012,9.598354,-0.035496,0.003231,0.004125
2.910053,0.009992,9.616311,-0.017540,0.003056,0.004156
2.920064,0.010010,9.613917,-0.019934,0.002856,0.004184
2.930173,0.010109,9.587581,-0.046270,0.002388,0.004208
2.940079,0.009906,9.605537,-0.028314,0.002108,0.004229
2.950054,0.009975,9.660604,0.026753,0.002375,0.004253
2.960072,0.010018,9.594763,-0.039087,0.001983,0.004273
2.970050,0.009978,9.647436,0.013585,0.002119,0.004294
2.980075,0.010025,9.612720,-0.021131,0.001907,0.004313
2.990036,0.009961,9.606734,-0.027116,0.001637,0.004329
3.000056,0.010019,9.636662,0.002811,0.001665,0.004346
3.010049,0.009994,9.631873,-0.001977,0.001645,0.004362
3.020056,0.010007,9.641450,0.007599,0.001721,0.004380
3.030149,0.010093,9.605537,-0.028314,0.001435,0.004394
3.040196,0.010046,9.637859,0.004008,0.001476,0.004409
3.050639,0.010444,9.627085,-0.006766,0.001405,0.004424
3.060071,0.009432,9.619902,-0.013948,0.001273,0.004436
3.070042,0.009970,9.645041,0.011191,0.001385,0.004450
3.080065,0.010024,9.716867,0.083017,0.002217,0.004472
3.090903,0.010838,9.709685,0.075834,0.003039,0.004505
3.100082,0.009179,9.566033,-0.067818,0.002416,0.004527
3.110038,0.009956,9.594763,-0.039087,0.002027,0.004547
3.120058,0.010020,9.643844,0.009994,0.002127,0.004568
3.130150,0.010092,9.732430,0.098579,0.003122,0.004600
3.140090,0.009940,9.653421,0.019570,0.003317,0.004633
3.150022,0.009932,9.622296,-0.011554,0.003202,0.004665
3.160058,0.010036,9.613917,-0.019934,0.003002,0.004695
3.170048,0.009990,9.604340,-0.029511,0.002707,0.004722
3.180070,0.010022,9.666589,0.032739,0.003035,0.004752
3.190048,0.009978,9.715670,0.081820,0.003852,0.004791
3.200078,0.010030,9.613917,-0.019934,0.003652,0.004827
3.210051,0.009973,9.645041,0.011191,0.003763,0.004865
3.220073,0.010022,9.617508,-0.016343,0.003600,0.004901
3.230157,0.010085,9.627085,-0.006766,0.003531,0.004936
3.240092,0.009935,9.679757,0.045907,0.003987,0.004976
3.250081,0.009989,9.640253,0.006402,0.004051,0.005017
3.260075,0.009994,9.651027,0.017176,0.004223,0.005059
3.270043,0.009967,9.630676,-0.003174,0.004191,0.005101
3.280071,0.010028,9.676166,0.042315,0.004616,0.005147
3.290046,0.009975,9.654618,0.020768,0.004823,0.005195
3.300072,0.010026,9.676166,0.042315,0.005247,0.005248
3.310023,0.009951,9.658209,0.024359,0.005490,0.005302
3.320066,0.010043,9.653421,0.019570,0.005686,0.005359
3.330142,0.010077,9.624691,-0.009160,0.005594,0.005416
3.340071,0.009929,9.665392,0.031541,0.005907,0.005474
3.350049,0.009978,9.668983,0.035133,0.006258,0.005537
3.360086,0.010036,9.662998,0.029147,0.006550,0.005602
3.370052,0.009966,9.674969,0.041118,0.006960,0.005672
3.380059,0.010007,9.658209,0.024359,0.007204,0.005744
3.390043,0.009984,9.658209,0.024359,0.007447,0.005818
3.400057,0.010014,9.718065,0.084214,0.008290,0.005901
3.410047,0.009990,9.670181,0.036330,0.008653,0.005988
3.420063,0.010017,9.637859,0.004008,0.008693,0.006075
3.430148,0.010085,9.678560,0.044710,0.009144,0.006167
3.440019,0.009871,9.613917,-0.019934,0.008947,0.006255
3.450057,0.010038,9.581595,-0.052256,0.008423,0.006340
3.460003,0.009946,9.647436,0.013585,0.008558,0.006425
3.470041,0.010038,9.629479,-0.004372,0.008514,0.006510
3.479998,0.009957,9.640253,0.006402,0.008578,0.006596
3.490058,0.010061,9.668983,0.035133,0.008931,0.006686
3.500001,0.009943,9.599552,-0.034299,0.008590,0.006771
3.510040,0.010039,9.684546,0.050695,0.009099,0.006862
3.519997,0.009956,9.645041,0.011191,0.009211,0.006954
3.530172,0.010175,9.733627,0.099776,0.010226,0.007058
3.540069,0.009897,9.688137,0.054286,0.010763,0.007165
3.550033,0.009964,9.696517,0.062666,0.011387,0.007278
3.560058,0.010025,9.563639,-0.070212,0.010684,0.007385
3.570035,0.009976,9.642647,0.008797,0.010771,0.007493
3.580060,0.010025,9.666589,0.032739,0.011100,0.007604
3.590029,0.009970,9.639056,0.005205,0.011151,0.007715
3.600065,0.010035,9.700108,0.066257,0.011816,0.007834
3.610049,0.009984,9.630676,-0.003174,0.011785,0.007951
3.620052,0.010003,9.561244,-0.072606,0.011058,0.008062
3.630149,0.010096,9.550470,-0.083380,0.010217,0.008165
3.640092,0.009943,9.597157,-0.036693,0.009852,0.008263
3.650065,0.009973,9.683349,0.049498,0.010345,0.008366
3.660075,0.010010,9.670181,0.036330,0.010709,0.008474
3.670046,0.009971,9.653421,0.019570,0.010904,0.008582
3.680082,0.010037,9.552865,-0.080986,0.010091,0.008684
3.690291,0.010209,9.617508,-0.016343,0.009924,0.008785
3.700066,0.009775,9.721656,0.087805,0.010783,0.008890
3.710040,0.009974,9.672575,0.038724,0.011169,0.009002
3.720075,0.010035,9.562441,-0.071409,0.010452,0.009107
3.730172,0.010097,9.704896,0.071046,0.011170,0.009219
3.740095,0.009923,9.609128,-0.024722,0.010924,0.009328
3.750046,0.009951,9.610325,-0.023525,0.010690,0.009434
3.760056,0.010010,9.770737,0.136886,0.012060,0.009555
3.770070,0.010014,9.689334,0.055483,0.012616,0.009681
3.780067,0.009996,9.599552,-0.034299,0.012273,0.009804
3.790040,0.009974,9.664195,0.030344,0.012576,0.009929
3.800076,0.010036,9.637859,0.004008,0.012616,0.010056
3.810033,0.009957,9.690531,0.056681,0.013180,0.010187
3.820069,0.010036,9.537302,-0.096548,0.012212,0.010310
3.830132,0.010062,9.670181,0.036330,0.012577,0.010436
3.840017,0.009885,9.744401,0.110550,0.013670,0.010571
3.850143,0.010126,9.661801,0.027950,0.013953,0.010713
3.860044,0.009901,9.701305,0.067454,0.014621,0.010857
3.870038,0.009994,9.640253,0.006402,0.014685,0.011004
3.880074,0.010036,9.537302,-0.096548,0.013716,0.011142
3.890031,0.009956,9.594763,-0.039087,0.013327,0.011275
3.899996,0.009966,9.653421,0.019570,0.013522,0.011409
3.910048,0.010052,9.680954,0.047104,0.013995,0.011550
3.919993,0.009944,9.745598,0.111747,0.015106,0.011700
3.930068,0.010075,9.704896,0.071046,0.015822,0.011860
3.940000,0.009932,9.518149,-0.115702,0.014673,0.012005
3.950059,0.010059,9.461885,-0.171966,0.012943,0.012136
3.960018,0.009959,9.708488,0.074637,0.013687,0.012272
3.970062,0.010044,9.731233,0.097382,0.014665,0.012419
3.980048,0.009985,9.770737,0.136886,0.016032,0.012579
3.990059,0.010011,9.706094,0.072243,0.016755,0.012747
4.000483,0.010424,9.623494,-0.010357,0.016647,0.012921
4.010026,0.009543,9.545682,-0.088169,0.015805,0.013071
4.020023,0.009997,9.539697,-0.094154,0.014864,0.013220
4.030083,0.010061,9.640253,0.006402,0.014929,0.013370
4.040478,0.010395,9.732430,0.098579,0.015953,0.013536
4.050015,0.009537,9.701305,0.067454,0.016597,0.013694
4.060117,0.010102,9.739612,0.105762,0.017665,0.013873
4.070032,0.009915,9.633070,-0.000780,0.017657,0.014048
4.080019,0.009986,9.664195,0.030344,0.017960,0.014227
4.090062,0.010044,9.615114,-0.018737,0.017772,0.014406
4.100006,0.009943,9.696517,0.062666,0.018395,0.014589
4.110028,0.010022,9.576807,-0.057044,0.017824,0.014767
4.120035,0.010007,9.488221,-0.145629,0.016366,0.014931
4.130062,0.010026,9.629479,-0.004372,0.016322,0.015095
4.140008,0.009947,9.774328,0.140478,0.017720,0.015271
4.150040,0.010032,9.719262,0.085411,0.018577,0.015457
4.159996,0.009956,9.623494,-0.010357,0.018473,0.015641
4.170063,0.010067,9.537302,-0.096548,0.017501,0.015817
4.180091,0.010028,9.576807,-0.057044,0.016929,0.015987
4.190269,0.010178,9.703699,0.069849,0.017640,0.016167
4.200002,0.009733,9.749189,0.115339,0.018763,0.016349
4.210034,0.010032,9.545682,-0.088169,0.017878,0.016529
4.219985,0.009951,9.391256,-0.242595,0.015464,0.016683
4.230103,0.010117,9.619902,-0.013948,0.015323,0.016838
4.240004,0.009902,9.668983,0.035133,0.015671,0.016993
4.250038,0.010034,9.678560,0.044710,0.016120,0.017154
4.260000,0.009963,9.497798,-0.136053,0.014764,0.017302
4.270057,0.010056,9.574412,-0.059438,0.014166,0.017444
4.280026,0.009969,9.655815,0.021965,0.014385,0.017587
4.290031,0.010005,9.800664,0.166814,0.016054,0.017748
4.300024,0.009992,9.611523,-0.022328,0.015831,0.017906
4.310055,0.010031,9.521740,-0.112111,0.014707,0.018054
4.319991,0.009936,9.384073,-0.249777,0.012225,0.018175
4.330116,0.010126,9.524134,-0.109716,0.011114,0.018288
4.340000,0.009884,9.580398,-0.053453,0.010586,0.018392
4.350057,0.010057,9.546879,-0.086972,0.009711,0.018490
4.359995,0.009938,9.652224,0.018373,0.009894,0.018588
4.370051,0.010056,9.645041,0.011191,0.010006,0.018689
4.380010,0.009959,9.712079,0.078228,0.010785,0.018796
4.390031,0.010021,9.612720,-0.021131,0.010573,0.018902
4.400019,0.009989,9.583989,-0.049861,0.010075,0.019003
4.410057,0.010037,9.508572,-0.125279,0.008818,0.019091
4.420034,0.009977,9.464279,-0.169571,0.007126,0.019163
4.430110,0.010076,9.543288,-0.090563,0.006214,0.019225
4.439999,0.009889,9.654618,0.020768,0.006419,0.019289
4.450064,0.010066,9.746795,0.112944,0.007556,0.019365
4.460009,0.009945,9.657012,0.023162,0.007786,0.019442
4.470044,0.010035,9.521740,-0.112111,0.006661,0.019509
4.480000,0.009957,9.504981,-0.128870,0.005378,0.019563
4.490029,0.010028,9.441534,-0.192316,0.003449,0.019597
4.500008,0.009979,9.458294,-0.175557,0.001697,0.019614
4.510048,0.010040,9.419986,-0.213864,-0.000450,0.019610
4.520009,0.009960,9.384073,-0.249777,-0.002938,0.019580
4.530114,0.010105,9.563639,-0.070212,-0.003647,0.019543
4.540017,0.009903,9.564836,-0.069015,-0.004331,0.019501
4.550051,0.010034,9.415198,-0.218653,-0.006525,0.019435
4.560025,0.009974,9.418789,-0.215061,-0.008670,0.019349
4.570093,0.010068,9.187749,-0.446102,-0.013161,0.019216
4.580023,0.009930,9.130288,-0.503563,-0.018161,0.019036
4.590070,0.010047,9.253589,-0.380261,-0.021982,0.018815
4.600009,0.009939,9.435549,-0.198302,-0.023953,0.018577
4.610040,0.010031,9.408015,-0.225835,-0.026218,0.018314
4.620014,0.009974,9.651027,0.017176,-0.026047,0.018054
4.630245,0.010231,9.478644,-0.155206,-0.027635,0.017771
4.640005,0.009759,9.224859,-0.408992,-0.031626,0.017463
4.650047,0.010043,9.276334,-0.357516,-0.035217,0.017109
4.660039,0.009992,10.303447,0.669596,-0.028526,0.016824
4.670034,0.009995,12.557588,2.923737,0.000696,0.016831
4.680034,0.010000,10.767922,1.134071,0.012037,0.016951
4.690049,0.010015,7.547721,-2.086130,-0.008856,0.016863
4.700001,0.009951,9.502586,-0.131264,-0.010163,0.016761
4.710057,0.010057,11.698069,2.064219,0.010597,0.016868
4.719991,0.009933,10.196905,0.563054,0.016190,0.017029
4.730110,0.010119,9.216479,-0.417371,0.011967,0.017150
4.740019,0.009909,9.962273,0.328422,0.015221,0.017301
4.750044,0.010025,9.909601,0.275750,0.017985,0.017481
4.759995,0.009951,9.123105,-0.510745,0.012903,0.017609
4.770050,0.010055,9.264363,-0.369487,0.009188,0.017702
4.779984,0.009935,10.140641,0.506790,0.014223,0.017843
4.790012,0.010028,10.240001,0.606150,0.020301,0.018047
4.799993,0.009981,9.680954,0.047104,0.020771,0.018254
4.810036,0.010043,9.827001,0.193150,0.022711,0.018482
4.820026,0.009990,9.865308,0.231457,0.025023,0.018732
4.830112,0.010086,9.226056,-0.407795,0.020910,0.018943
4.840025,0.009913,9.563639,-0.070212,0.020214,0.019143
4.850067,0.010042,10.093954,0.460104,0.024835,0.019393
4.860022,0.009954,9.991004,0.357153,0.028390,0.019675
4.870087,0.010065,9.753978,0.120127,0.029599,0.019973
4.880019,0.009932,9.828198,0.194347,0.031529,0.020286
4.890049,0.010030,9.743204,0.109353,0.032626,0.020614
4.900019,0.009971,9.542091,-0.091760,0.031711,0.020930
4.910053,0.010033,6.968324,-2.665527,0.004968,0.020980
4.920002,0.009949,8.937555,-0.696296,-0.001960,0.020960
4.930129,0.010127,8.356961,-1.276890,-0.014891,0.020809
4.940014,0.009886,8.842984,-0.790867,-0.022709,0.020585
4.950049,0.010035,11.581951,1.948100,-0.003160,0.020553
4.960023,0.009974,11.220426,1.586575,0.012664,0.020680
4.970068,0.010045,8.097190,-1.536661,-0.002772,0.020652
4.980060,0.009992,9.375694,-0.258157,-0.005352,0.020598
4.990066,0.010006,10.099940,0.466089,-0.000688,0.020591
4.999988,0.009922,9.509769,-0.124082,-0.001919,0.020572
5.010024,0.010036,9.483433,-0.150418,-0.003429,0.020538
5.020065,0.010041,10.031705,0.397854,0.000566,0.020544
5.030124,0.010059,9.842563,0.208712,0.002665,0.020570
5.040015,0.009890,9.633070,-0.000780,0.002658,0.020597
5.050068,0.010054,9.970653,0.336802,0.006044,0.020657
5.060016,0.009948,9.500192,-0.133658,0.004714,0.020704
5.070061,0.010045,9.446323,-0.187528,0.002830,0.020733
5.080010,0.009948,9.883264,0.249414,0.005312,0.020786
5.090030,0.010021,9.803059,0.169208,0.007007,0.020856
5.100009,0.009979,9.354146,-0.279705,0.004216,0.020898
5.110038,0.010029,9.488221,-0.145629,0.002756,0.020926
5.120014,0.009976,9.843760,0.209909,0.004850,0.020974
5.130107,0.010093,9.809044,0.175194,0.006618,0.021041
5.140028,0.009921,9.708488,0.074637,0.007358,0.021114
5.150031,0.010003,9.712079,0.078228,0.008141,0.021195
5.159999,0.009968,9.495404,-0.138447,0.006761,0.021263
5.170053,0.010054,9.539697,-0.094154,0.005814,0.021321
5.179995,0.009942,9.730036,0.096185,0.006770,0.021388
5.190034,0.010039,9.715670,0.081820,0.007592,0.021465
5.200041,0.010007,9.447520,-0.186331,0.005727,0.021522
5.210043,0.010003,9.509769,-0.124082,0.004486,0.021567
5.220020,0.009976,9.917980,0.284130,0.007321,0.021640
5.230109,0.010090,10.119093,0.485243,0.012217,0.021763
5.240044,0.009935,9.743204,0.109353,0.013303,0.021895
5.250021,0.009977,9.583989,-0.049861,0.012806,0.022023
5.260036,0.010015,9.427169,-0.206682,0.010736,0.022130
5.270045,0.010009,9.689334,0.055483,0.011291,0.022243
5.280029,0.009984,10.168174,0.534324,0.016626,0.022409
5.290043,0.010014,9.894038,0.260188,0.019231,0.022602
5.300021,0.009978,9.497798,-0.136053,0.017874,0.022780
5.310056,0.010035,9.452308,-0.181542,0.016052,0.022941
5.320016,0.009961,9.767146,0.133295,0.017380,0.023115
5.330114,0.010098,9.903615,0.269765,0.020104,0.023318
5.339984,0.009870,9.821015,0.187165,0.021951,0.023534
5.350024,0.010039,9.641450,0.007599,0.022027,0.023755
5.360002,0.009978,9.599552,-0.034299,0.021685,0.023972
5.370029,0.010027,9.618705,-0.015145,0.021533,0.024188
5.380061,0.010032,9.700108,0.066257,0.022198,0.024410
5.390064,0.010003,9.641450,0.007599,0.022274,0.024633
5.400011,0.009946,9.412804,-0.221047,0.020075,0.024833
5.410032,0.010021,9.469068,-0.164783,0.018424,0.025017
5.420019,0.009988,9.562441,-0.071409,0.017711,0.025194
5.430111,0.010092,9.538499,-0.095351,0.016749,0.025363
5.440012,0.009901,9.616311,-0.017540,0.016575,0.025527
5.450026,0.010014,9.567230,-0.066621,0.015908,0.025687
5.460003,0.009977,9.627085,-0.006766,0.015840,0.025845
5.470055,0.010052,9.844957,0.211107,0.017962,0.026025
5.479991,0.009936,9.773131,0.139281,0.019346,0.026218
5.490024,0.010034,9.670181,0.036330,0.019711,0.026415
5.500015,0.009990,9.617508,-0.016343,0.019548,0.026611
5.510040,0.010025,9.548076,-0.085774,0.018688,0.026798
5.519994,0.009954,9.556456,-0.077395,0.017917,0.026976
5.530116,0.010122,9.871293,0.237443,0.020321,0.027182
5.540005,0.009889,9.637859,0.004008,0.020360,0.027383
5.550030,0.010025,9.724050,0.090199,0.021264,0.027597
5.559996,0.009966,9.567230,-0.066621,0.020601,0.027802
5.570073,0.010077,9.668983,0.035133,0.020955,0.028013
5.579990,0.009917,9.696517,0.062666,0.021576,0.028227
5.590049,0.010058,9.651027,0.017176,0.021749,0.028446
5.600001,0.009952,9.670181,0.036330,0.022110,0.028666
5.610017,0.010017,9.575610,-0.058241,0.021527,0.028881
5.620019,0.010002,9.758766,0.124915,0.022776,0.029109
5.630118,0.010098,9.783905,0.150054,0.024292,0.029355
5.639998,0.009881,9.706094,0.072243,0.025006,0.029602
5.650053,0.010055,9.594763,-0.039087,0.024613,0.029849
5.659999,0.009946,9.562441,-0.071409,0.023902,0.030087
5.670110,0.010111,9.647436,0.013585,0.024040,0.030330
5.680019,0.009909,9.485827,-0.148024,0.022573,0.030554
5.690075,0.010056,9.896433,0.262582,0.025213,0.030807
5.700017,0.009942,9.613917,-0.019934,0.025015,0.031056
5.710027,0.010010,9.501389,-0.132461,0.023689,0.031293
5.720023,0.009996,9.558850,-0.075001,0.022940,0.031522
5.730133,0.010110,9.762357,0.128507,0.024239,0.031767
5.740029,0.009896,9.680954,0.047104,0.024705,0.032012
5.750038,0.010010,9.629479,-0.004372,0.024661,0.032259
5.759989,0.009951,9.604340,-0.029511,0.024367,0.032501
5.770047,0.010058,9.883264,0.249414,0.026876,0.032771
5.779985,0.009938,9.619902,-0.013948,0.026738,0.033037
5.790031,0.010046,9.552865,-0.080986,0.025924,0.033298
5.800008,0.009977,9.647436,0.013585,0.026059,0.033558
5.810020,0.010012,9.764751,0.130901,0.027370,0.033832
5.819988,0.009968,9.583989,-0.049861,0.026873,0.034099
5.830117,0.010129,9.609128,-0.024722,0.026623,0.034369
5.840001,0.009883,9.654618,0.020768,0.026828,0.034634
5.850062,0.010061,9.639056,0.005205,0.026880,0.034905
5.860019,0.009958,9.709685,0.075834,0.027635,0.035180
5.870032,0.010013,9.637859,0.004008,0.027675,0.035457
5.879985,0.009953,9.765949,0.132098,0.028990,0.035746
5.890028,0.010043,9.631873,-0.001977,0.028970,0.036037
5.900011,0.009983,9.755175,0.121324,0.030182,0.036338
5.910038,0.010027,9.582792,-0.051059,0.029670,0.036635
5.920014,0.009975,9.665392,0.031541,0.029984,0.036934
5.930103,0.010089,9.595960,-0.037890,0.029602,0.037233
5.940028,0.009925,9.701305,0.067454,0.030271,0.037534
5.950026,0.009998,9.706094,0.072243,0.030994,0.037843
5.960012,0.009986,9.603143,-0.030708,0.030687,0.038150
5.970048,0.010036,9.609128,-0.024722,0.030439,0.038455
5.979992,0.009944,9.628282,-0.005569,0.030384,0.038757
5.990025,0.010033,9.690531,0.056681,0.030952,0.039068
5.999997,0.009972,9.645041,0.011191,0.031064,0.039378
6.010037,0.010040,9.543288,-0.090563,0.030155,0.039681
6.020017,0.009980,9.792285,0.158434,0.031736,0.039997
6.030120,0.010103,9.726444,0.092594,0.032671,0.040327
6.040024,0.009904,9.610325,-0.023525,0.032438,0.040649
6.050046,0.010022,9.582792,-0.051059,0.031927,0.040969
6.059996,0.009949,9.464279,-0.169571,0.030240,0.041269
6.070059,0.010063,9.813833,0.179982,0.032051,0.041592
6.079988,0.009929,9.727641,0.093791,0.032982,0.041919
6.090036,0.010048,9.490615,-0.143235,0.031543,0.042236
6.099998,0.009961,9.725247,0.091396,0.032453,0.042560
6.110372,0.010374,9.679757,0.045907,0.032929,0.042901
6.120031,0.009659,9.629479,-0.004372,0.032887,0.043219
6.130126,0.010095,9.806650,0.172799,0.034631,0.043569
6.140028,0.009902,9.649830,0.015979,0.034790,0.043913
6.150051,0.010023,9.597157,-0.036693,0.034422,0.044258
6.160013,0.009961,9.625888,-0.007963,0.034343,0.044600
6.170118,0.010105,9.617508,-0.016343,0.034177,0.044946
6.179994,0.009876,9.617508,-0.016343,0.034016,0.045281
6.190012,0.010018,9.641450,0.007599,0.034092,0.045623
6.200027,0.010015,9.703699,0.069849,0.034792,0.045971
6.210023,0.009997,9.615114,-0.018737,0.034604,0.046317
6.220004,0.009980,9.738415,0.104565,0.035648,0.046673
6.230132,0.010128,9.601946,-0.031905,0.035325,0.047031
6.240030,0.009898,9.634267,0.000417,0.035329,0.047381
6.250068,0.010038,9.629479,-0.004372,0.035285,0.047735
6.259995,0.009927,9.670181,0.036330,0.035646,0.048089
6.270051,0.010057,9.708488,0.074637,0.036396,0.048455
6.280002,0.009951,9.576807,-0.057044,0.035829,0.048811
6.290046,0.010044,9.613917,-0.019934,0.035628,0.049169
6.300008,0.009961,9.707291,0.073440,0.036360,0.049531
6.310052,0.010045,9.702502,0.068652,0.037050,0.049903
6.319996,0.009944,9.574412,-0.059438,0.036459,0.050266
6.330120,0.010124,9.730036,0.096185,0.037432,0.050645
6.340010,0.009889,9.745598,0.111747,0.038537,0.051026
6.350070,0.010061,9.725247,0.091396,0.039457,0.051423
6.360003,0.009933,9.555259,-0.078592,0.038676,0.051807
6.370070,0.010068,9.703699,0.069849,0.039380,0.052204
6.380017,0.009947,9.712079,0.078228,0.040158,0.052603
6.390032,0.010015,9.709685,0.075834,0.040917,0.053013
6.399989,0.009957,9.702502,0.068652,0.041601,0.053427
6.410058,0.010069,9.481039,-0.152812,0.040062,0.053830
6.420005,0.009947,9.731233,0.097382,0.041031,0.054239
6.430116,0.010112,9.520543,-0.113308,0.039885,0.054642
6.440077,0.009960,9.703699,0.069849,0.040581,0.055046
6.450046,0.009969,9.712079,0.078228,0.041361,0.055458
6.460018,0.009972,9.640253,0.006402,0.041424,0.055871
6.470043,0.010025,9.612720,-0.021131,0.041213,0.056285
6.479998,0.009955,9.716867,0.083017,0.042039,0.056703
6.490032,0.010034,9.709685,0.075834,0.042800,0.057133
6.500021,0.009989,9.712079,0.078228,0.043581,0.057568
6.510059,0.010038,9.627085,-0.006766,0.043513,0.058005
6.520005,0.009946,9.689334,0.055483,0.044065,0.058443
6.530127,0.010121,9.642647,0.008797,0.044154,0.058890
6.540030,0.009904,9.648633,0.014782,0.044301,0.059329
6.550057,0.010027,9.659407,0.025556,0.044557,0.059775
6.560004,0.009947,9.630676,-0.003174,0.044525,0.060218
6.570029,0.010026,9.671378,0.037527,0.044902,0.060668
6.580003,0.009974,9.676166,0.042315,0.045324,0.061120
6.590032,0.010029,9.674969,0.041118,0.045736,0.061579
6.600006,0.009974,9.670181,0.036330,0.046098,0.062039
6.610040,0.010035,9.659407,0.025556,0.046355,0.062504
6.620006,0.009966,9.715670,0.081820,0.047170,0.062974
6.630112,0.010106,9.677363,0.043512,0.047610,0.063455
6.640023,0.009911,9.665392,0.031541,0.047923,0.063930
6.650057,0.010033,9.648633,0.014782,0.048071,0.064413
6.660011,0.009955,9.654618,0.020768,0.048278,0.064893
6.670041,0.010030,9.664195,0.030344,0.048582,0.065380
6.680015,0.009974,9.668983,0.035133,0.048932,0.065868
6.690029,0.010015,9.603143,-0.030708,0.048625,0.066355
6.700048,0.010019,9.671378,0.037527,0.049001,0.066846
6.710061,0.010013,9.698911,0.065060,0.049652,0.067344
6.719999,0.009938,9.662998,0.029147,0.049942,0.067840
6.730119,0.010121,9.685743,0.051892,0.050467,0.068351
6.740026,0.009906,9.664195,0.030344,0.050768,0.068854
6.750073,0.010047,9.658209,0.024359,0.051012,0.069366
6.760020,0.009947,9.655815,0.021965,0.051231,0.069876
6.770061,0.010041,9.674969,0.041118,0.051644,0.070394
6.780002,0.009940,9.629479,-0.004372,0.051600,0.070907
6.790032,0.010031,9.634267,0.000417,0.051605,0.071425
6.799995,0.009963,9.695320,0.061469,0.052217,0.071945
6.810027,0.010032,9.688137,0.054286,0.052762,0.072474
6.820026,0.009999,9.654618,0.020768,0.052969,0.073004
6.830114,0.010089,9.702502,0.068652,0.053662,0.073545
6.840092,0.009978,9.625888,-0.007963,0.053582,0.074080
6.850113,0.010020,9.665392,0.031541,0.053898,0.074620
6.860031,0.009918,9.707291,0.073440,0.054627,0.075162
6.870039,0.010008,9.684546,0.050695,0.055134,0.075714
6.880026,0.009987,9.640253,0.006402,0.055198,0.076265
6.890074,0.010049,9.648633,0.014782,0.055347,0.076821
6.900015,0.009940,9.646238,0.012388,0.055470,0.077372
6.910470,0.010455,9.609128,-0.024722,0.055211,0.077950
6.920024,0.009554,9.673772,0.039921,0.055593,0.078481
6.930128,0.010104,9.631873,-0.001977,0.055573,0.079042
6.940015,0.009887,9.624691,-0.009160,0.055482,0.079591
6.950047,0.010032,9.665392,0.031541,0.055799,0.080151
6.960036,0.009988,9.645041,0.011191,0.055910,0.080709
6.970056,0.010021,9.706094,0.072243,0.056634,0.081277
6.980034,0.009977,9.660604,0.026753,0.056901,0.081844
6.990035,0.010001,9.665392,0.031541,0.057217,0.082417
7.000005,0.009969,9.662998,0.029147,0.057507,0.082990
7.010022,0.010017,9.677363,0.043512,0.057943,0.083570
7.019986,0.009964,9.623494,-0.010357,0.057840,0.084147
7.030130,0.010145,9.637859,0.004008,0.057881,0.084734
7.040001,0.009870,9.695320,0.061469,0.058487,0.085311
7.050080,0.010079,9.665392,0.031541,0.058805,0.085904
7.060000,0.009920,9.682152,0.048301,0.059284,0.086492
7.070066,0.010066,9.706094,0.072243,0.060012,0.087096
7.080014,0.009948,9.666589,0.032739,0.060337,0.087696
7.090056,0.010042,9.679757,0.045907,0.060798,0.088307
7.100011,0.009955,9.682152,0.048301,0.061279,0.088917
7.110045,0.010034,9.679757,0.045907,0.061740,0.089536
7.120021,0.009975,9.674969,0.041118,0.062150,0.090156
7.130109,0.010088,9.659407,0.025556,0.062408,0.090786
7.139995,0.009887,9.671378,0.037527,0.062779,0.091407
7.150061,0.010066,9.629479,-0.004372,0.062735,0.092038
7.160017,0.009957,9.702502,0.068652,0.063418,0.092669
7.170068,0.010051,9.648633,0.014782,0.063567,0.093308
7.180027,0.009959,9.651027,0.017176,0.063738,0.093943
7.190049,0.010022,9.648633,0.014782,0.063886,0.094583
7.200011,0.009961,9.658209,0.024359,0.064129,0.095222
7.210026,0.010016,9.664195,0.030344,0.064433,0.095868
7.219983,0.009957,9.694123,0.060272,0.065033,0.096515
7.230106,0.010123,9.697714,0.063863,0.065679,0.097180
7.239998,0.009892,9.634267,0.000417,0.065683,0.097830
7.250052,0.010054,9.683349,0.049498,0.066181,0.098495
7.260027,0.009975,9.605537,-0.028314,0.065899,0.099152
7.270061,0.010034,9.604340,-0.029511,0.065602,0.099811
7.280029,0.009968,9.642647,0.008797,0.065690,0.100465
7.290056,0.010027,9.655815,0.021965,0.065910,0.101126
7.300025,0.009968,9.674969,0.041118,0.066320,0.101787
7.310060,0.010035,9.689334,0.055483,0.066877,0.102459
7.320013,0.009953,9.680954,0.047104,0.067346,0.103129
7.330108,0.010095,9.688137,0.054286,0.067894,0.103814
7.340021,0.009913,9.654618,0.020768,0.068100,0.104489
7.350035,0.010014,9.679757,0.045907,0.068559,0.105176
7.360008,0.009973,9.674969,0.041118,0.068970,0.105864
7.370036,0.010028,9.652224,0.018373,0.069154,0.106557
7.380015,0.009979,9.664195,0.030344,0.069457,0.107250
7.390023,0.010009,9.647436,0.013585,0.069593,0.107947
7.400003,0.009980,9.671378,0.037527,0.069967,0.108645
7.410043,0.010040,9.714473,0.080623,0.070777,0.109356
7.419986,0.009943,9.691728,0.057878,0.071352,0.110065
7.430126,0.010139,9.640253,0.006402,0.071417,0.110789
7.440001,0.009875,9.651027,0.017176,0.071587,0.111496
7.450034,0.010034,9.692925,0.059075,0.072179,0.112220
7.460016,0.009982,9.636662,0.002811,0.072207,0.112941
7.470031,0.010015,9.712079,0.078228,0.072991,0.113672
7.479997,0.009967,9.642647,0.008797,0.073078,0.114400
7.490057,0.010059,9.697714,0.063863,0.073721,0.115142
7.500001,0.009944,9.676166,0.042315,0.074142,0.115879
7.510062,0.010061,9.664195,0.030344,0.074447,0.116628
7.520005,0.009942,9.647436,0.013585,0.074582,0.117370
7.530116,0.010111,9.683349,0.049498,0.075083,0.118129
7.539985,0.009869,9.666589,0.032739,0.075406,0.118873
7.550069,0.010084,9.683349,0.049498,0.075905,0.119639
7.560023,0.009954,9.655815,0.021965,0.076123,0.120396
7.570049,0.010026,9.712079,0.078228,0.076908,0.121167
7.579993,0.009945,9.673772,0.039921,0.077305,0.121936
7.590045,0.010051,9.646238,0.012388,0.077429,0.122714
7.599996,0.009951,9.662998,0.029147,0.077719,0.123488
7.610064,0.010068,9.661801,0.027950,0.078001,0.124273
7.620014,0.009950,9.678560,0.044710,0.078446,0.125054
7.630118,0.010103,9.661801,0.027950,0.078728,0.125849
7.640006,0.009888,9.672575,0.038724,0.079111,0.126631
7.650041,0.010036,9.697714,0.063863,0.079752,0.127432
7.660028,0.009987,9.630676,-0.003174,0.079720,0.128228
7.670055,0.010027,9.708488,0.074637,0.080468,0.129035
7.680027,0.009972,9.679757,0.045907,0.080926,0.129842
7.690060,0.010033,9.671378,0.037527,0.081303,0.130657
7.700013,0.009953,9.631873,-0.001977,0.081283,0.131466
7.710037,0.010024,9.665392,0.031541,0.081599,0.132284
7.720011,0.009974,9.664195,0.030344,0.081902,0.133101
7.730139,0.010128,9.679757,0.045907,0.082367,0.133936
7.740027,0.009888,9.718065,0.084214,0.083200,0.134758
7.750042,0.010015,9.647436,0.013585,0.083336,0.135593
7.760001,0.009960,9.636662,0.002811,0.083364,0.136423
7.770044,0.010043,9.708488,0.074637,0.084113,0.137268
7.779994,0.009950,9.677363,0.043512,0.084546,0.138109
7.790033,0.010039,9.627085,-0.006766,0.084478,0.138957
7.800027,0.009994,9.709685,0.075834,0.085236,0.139809
7.810026,0.010000,9.634267,0.000417,0.085240,0.140661
7.820013,0.009987,9.677363,0.043512,0.085675,0.141517
7.830127,0.010114,9.692925,0.059075,0.086272,0.142389
7.840009,0.009882,9.653421,0.019570,0.086466,0.143244
7.850042,0.010033,9.627085,-0.006766,0.086398,0.144111
7.860028,0.009986,9.625888,-0.007963,0.086318,0.144973
7.870080,0.010053,9.673772,0.039921,0.086720,0.145844
7.880024,0.009944,9.636662,0.002811,0.086748,0.146707
7.890030,0.010006,9.680954,0.047104,0.087219,0.147580
7.900008,0.009979,9.666589,0.032739,0.087545,0.148453
7.910053,0.010045,9.719262,0.085411,0.088403,0.149341
7.920031,0.009977,9.633070,-0.000780,0.088396,0.150223
7.930112,0.010081,9.730036,0.096185,0.089365,0.151124
7.940054,0.009943,9.678560,0.044710,0.089810,0.152017
7.950059,0.010005,9.678560,0.044710,0.090257,0.152920
7.960016,0.009956,9.679757,0.045907,0.090714,0.153823
7.970047,0.010031,9.686940,0.053089,0.091247,0.154739
7.980028,0.009981,9.700108,0.066257,0.091908,0.155656
7.990053,0.010025,9.673772,0.039921,0.092308,0.156581
8.000017,0.009964,9.691728,0.057878,0.092885,0.157507
8.010020,0.010003,9.658209,0.024359,0.093129,0.158438
8.020009,0.009989,9.637859,0.004008,0.093169,0.159369
8.030142,0.010133,9.659407,0.025556,0.093428,0.160316
8.040007,0.009866,9.655815,0.021965,0.093644,0.161240
8.050029,0.010022,9.684546,0.050695,0.094152,0.162183
8.060015,0.009986,9.619902,-0.013948,0.094013,0.163122
8.070067,0.010052,9.661801,0.027950,0.094294,0.164070
8.080011,0.009944,9.683349,0.049498,0.094786,0.165012
8.090037,0.010026,9.677363,0.043512,0.095223,0.165967
8.100012,0.009975,9.654618,0.020768,0.095430,0.166919
8.110028,0.010016,9.654618,0.020768,0.095638,0.167877
8.120002,0.009974,9.660604,0.026753,0.095905,0.168833
8.130125,0.010123,9.662998,0.029147,0.096200,0.169807
8.140055,0.009930,9.645041,0.011191,0.096311,0.170764
8.150062,0.010007,9.701305,0.067454,0.096986,0.171734
8.159997,0.009935,9.616311,-0.017540,0.096811,0.172696
8.170029,0.010032,9.655815,0.021965,0.097032,0.173669
8.180091,0.010062,9.666589,0.032739,0.097361,0.174649
8.190034,0.009943,9.692925,0.059075,0.097949,0.175623
8.199989,0.009954,9.671378,0.037527,0.098322,0.176602
8.210043,0.010054,9.672575,0.038724,0.098712,0.177594
8.220008,0.009965,9.658209,0.024359,0.098954,0.178580
8.230105,0.010098,9.651027,0.017176,0.099128,0.179581
8.240033,0.009928,9.665392,0.031541,0.099441,0.180568
8.250056,0.010022,9.677363,0.043512,0.099877,0.181569
8.260000,0.009945,9.710882,0.077031,0.100643,0.182570
8.270068,0.010067,9.649830,0.015979,0.100804,0.183585
8.279986,0.009919,9.664195,0.030344,0.101105,0.184588
8.290056,0.010069,9.667786,0.033936,0.101447,0.185609
8.299984,0.009929,9.662998,0.029147,0.101736,0.186620
8.310048,0.010064,9.696517,0.062666,0.102367,0.187650
8.320020,0.009972,9.671378,0.037527,0.102741,0.188674
8.330129,0.010109,9.665392,0.031541,0.103060,0.189716
8.340044,0.009916,9.648633,0.014782,0.103206,0.190739
8.350047,0.010002,9.697714,0.063863,0.103845,0.191778
8.360029,0.009983,9.691728,0.057878,0.104423,0.192821
8.370026,0.009996,9.676166,0.042315,0.104846,0.193869
8.379998,0.009972,9.607931,-0.025919,0.104587,0.194912
8.390033,0.010035,9.720459,0.086608,0.105456,0.195970
8.400015,0.009982,9.689334,0.055483,0.106010,0.197028
8.410033,0.010018,9.649830,0.015979,0.106170,0.198092
8.419991,0.009957,9.645041,0.011191,0.106282,0.199150
8.430116,0.010125,9.655815,0.021965,0.106504,0.200228
8.439997,0.009881,9.661801,0.027950,0.106780,0.201283
8.450049,0.010053,9.700108,0.066257,0.107446,0.202364
8.459996,0.009946,9.661801,0.027950,0.107724,0.203435
8.470037,0.010041,9.680954,0.047104,0.108197,0.204521
8.480009,0.009972,9.679757,0.045907,0.108655,0.205605
8.490042,0.010033,9.642647,0.008797,0.108743,0.206696
8.500012,0.009970,9.657012,0.023162,0.108974,0.207783
8.510065,0.010053,9.630676,-0.003174,0.108942,0.208878
8.520005,0.009940,9.639056,0.005205,0.108994,0.209961
8.530118,0.010113,9.651027,0.017176,0.109168,0.211065
8.540030,0.009912,9.639056,0.005205,0.109219,0.212148
8.550028,0.009997,9.666589,0.032739,0.109547,0.213243
8.560004,0.009976,9.636662,0.002811,0.109575,0.214336
8.570029,0.010025,9.664195,0.030344,0.109879,0.215438
8.579996,0.009967,9.703699,0.069849,0.110575,0.216540
8.590026,0.010031,9.700108,0.066257,0.111240,0.217655
8.600013,0.009987,9.623494,-0.010357,0.111136,0.218765
8.610051,0.010038,9.684546,0.050695,0.111645,0.219886
8.620020,0.009969,9.685743,0.051892,0.112163,0.221004
8.630133,0.010113,9.676166,0.042315,0.112591,0.222143
8.640009,0.009876,9.674969,0.041118,0.112997,0.223259
8.650047,0.010037,9.678560,0.044710,0.113445,0.224398
8.660001,0.009954,9.664195,0.030344,0.113747,0.225530
8.670060,0.010059,9.652224,0.018373,0.113932,0.226676
8.679993,0.009933,9.647436,0.013585,0.114067,0.227809
8.690027,0.010034,9.697714,0.063863,0.114708,0.228960
8.699996,0.009968,9.654618,0.020768,0.114915,0.230105
8.710027,0.010031,9.683349,0.049498,0.115412,0.231263
8.719990,0.009963,9.674969,0.041118,0.115821,0.232417
8.730110,0.010120,9.677363,0.043512,0.116262,0.233594
8.740036,0.009926,9.684546,0.050695,0.116765,0.234753
8.750040,0.010004,9.665392,0.031541,0.117080,0.235924
8.760035,0.009995,9.670181,0.036330,0.117443,0.237098
8.770061,0.010027,9.627085,-0.006766,0.117376,0.238275
8.780002,0.009940,9.689334,0.055483,0.117927,0.239447
8.790032,0.010031,9.660604,0.026753,0.118195,0.240632
8.800001,0.009969,9.657012,0.023162,0.118426,0.241813
8.810027,0.010026,9.685743,0.051892,0.118947,0.243006
8.819987,0.009960,9.670181,0.036330,0.119308,0.244194
8.830104,0.010116,9.671378,0.037527,0.119688,0.245405
8.840010,0.009907,9.659407,0.025556,0.119941,0.246593
8.850031,0.010020,9.655815,0.021965,0.120161,0.247797
8.860001,0.009970,9.641450,0.007599,0.120237,0.248996
8.870079,0.010078,9.651027,0.017176,0.120410,0.250209
8.879997,0.009918,9.658209,0.024359,0.120652,0.251406
8.890043,0.010047,9.662998,0.029147,0.120945,0.252621
8.899999,0.009955,9.683349,0.049498,0.121437,0.253830
8.910041,0.010042,9.655815,0.021965,0.121658,0.255052
8.920004,0.009963,9.689334,0.055483,0.122211,0.256269
8.930112,0.010108,9.657012,0.023162,0.122445,0.257507
8.940031,0.009919,9.658209,0.024359,0.122687,0.258724
8.950047,0.010016,9.639056,0.005205,0.122739,0.259953
8.960022,0.009975,9.628282,-0.005569,0.122683,0.261177
8.970039,0.010016,9.648633,0.014782,0.122831,0.262407
8.980003,0.009964,9.670181,0.036330,0.123193,0.263635
8.990055,0.010052,9.664195,0.030344,0.123498,0.264876
9.000005,0.009950,9.646238,0.012388,0.123621,0.266106
9.010041,0.010036,9.672575,0.038724,0.124010,0.267351
9.020008,0.009967,9.694123,0.060272,0.124611,0.268593
9.030124,0.010116,9.657012,0.023162,0.124845,0.269856
9.040002,0.009878,9.631873,-0.001977,0.124826,0.271089
9.050026,0.010024,9.659407,0.025556,0.125082,0.272343
9.060004,0.009977,9.634267,0.000417,0.125086,0.273591
9.070027,0.010023,9.629479,-0.004372,0.125042,0.274844
9.079984,0.009957,9.647436,0.013585,0.125177,0.276090
9.090045,0.010061,9.653421,0.019570,0.125374,0.277352
9.100002,0.009957,9.679757,0.045907,0.125831,0.278605
9.110053,0.010051,9.651027,0.017176,0.126004,0.279871
9.120029,0.009977,9.665392,0.031541,0.126319,0.281131
9.130123,0.010094,9.646238,0.012388,0.126444,0.282408
9.140011,0.009887,9.665392,0.031541,0.126756,0.283661
9.150020,0.010010,9.694123,0.060272,0.127359,0.284936
9.160039,0.010019,9.660604,0.026753,0.127627,0.286214
9.170040,0.010001,9.647436,0.013585,0.127763,0.287492
9.179984,0.009944,9.683349,0.049498,0.128255,0.288768
9.190037,0.010053,9.653421,0.019570,0.128452,0.290059
9.200018,0.009982,9.637859,0.004008,0.128492,0.291341
9.210015,0.009997,9.664195,0.030344,0.128795,0.292629
9.219999,0.009984,9.694123,0.060272,0.129397,0.293921
9.230123,0.010124,9.646238,0.012388,0.129522,0.295232
9.240009,0.009886,9.684546,0.050695,0.130023,0.296518
9.250074,0.010064,9.634267,0.000417,0.130028,0.297826
9.260010,0.009937,9.676166,0.042315,0.130448,0.299122
9.270058,0.010047,9.660604,0.026753,0.130717,0.300436
9.280014,0.009957,9.621099,-0.012751,0.130590,0.301736
9.290022,0.010008,9.639056,0.005205,0.130642,0.303043
9.300004,0.009981,9.682152,0.048301,0.131124,0.304352
9.310048,0.010044,9.658209,0.024359,0.131369,0.305672
9.320006,0.009958,9.637859,0.004008,0.131409,0.306980
9.330110,0.010104,9.659407,0.025556,0.131667,0.308311
9.340008,0.009898,9.664195,0.030344,0.131967,0.309617
9.350033,0.010024,9.634267,0.000417,0.131971,0.310940
9.360011,0.009978,9.657012,0.023162,0.132203,0.312259
9.370039,0.010028,9.654618,0.020768,0.132411,0.313587
9.380015,0.009976,9.695320,0.061469,0.133024,0.314914
9.390053,0.010037,9.677363,0.043512,0.133461,0.316254
9.399993,0.009941,9.628282,-0.005569,0.133405,0.317580
9.410023,0.010030,9.683349,0.049498,0.133902,0.318923
9.419997,0.009974,9.619902,-0.013948,0.133763,0.320257
9.430141,0.010144,9.672575,0.038724,0.134156,0.321618
9.440023,0.009882,9.631873,-0.001977,0.134136,0.322943
9.450040,0.010018,9.630676,-0.003174,0.134104,0.324287
9.460014,0.009974,9.667786,0.033936,0.134443,0.325627
9.470034,0.010020,9.634267,0.000417,0.134447,0.326975
9.480008,0.009974,9.623494,-0.010357,0.134344,0.328315
9.490019,0.010011,9.678560,0.044710,0.134791,0.329664
9.499994,0.009975,9.710882,0.077031,0.135560,0.331016
9.510024,0.010029,9.668983,0.035133,0.135912,0.332379
9.520017,0.009994,9.642647,0.008797,0.136000,0.333738
9.530124,0.010107,9.625888,-0.007963,0.135919,0.335112
9.540000,0.009876,9.686940,0.053089,0.136444,0.336460
9.550064,0.010064,9.661801,0.027950,0.136725,0.337836
9.559992,0.009928,9.690531,0.056681,0.137288,0.339199
9.570031,0.010039,9.643844,0.009994,0.137388,0.340578
9.580010,0.009979,9.714473,0.080623,0.138193,0.341957
9.590047,0.010038,9.676166,0.042315,0.138617,0.343348
9.599989,0.009941,9.658209,0.024359,0.138859,0.344729
9.610038,0.010050,9.682152,0.048301,0.139345,0.346129
9.620001,0.009963,9.625888,-0.007963,0.139266,0.347517
9.630103,0.010102,9.674969,0.041118,0.139681,0.348928
9.640015,0.009912,9.627085,-0.006766,0.139614,0.350312
9.650031,0.010015,9.678560,0.044710,0.140062,0.351714
9.659995,0.009964,9.647436,0.013585,0.140197,0.353111
9.670067,0.010072,9.686940,0.053089,0.140732,0.354529
9.679994,0.009926,9.607931,-0.025919,0.140474,0.355923
9.690034,0.010041,9.636662,0.002811,0.140503,0.357334
9.699996,0.009962,9.688137,0.054286,0.141043,0.358739
9.710055,0.010058,9.672575,0.038724,0.141433,0.360162
9.720015,0.009961,9.637859,0.004008,0.141473,0.361571
9.730114,0.010099,9.648633,0.014782,0.141622,0.363001
9.740015,0.009900,9.653421,0.019570,0.141816,0.364405
9.750037,0.010022,9.615114,-0.018737,0.141628,0.365824
9.759998,0.009961,9.624691,-0.009160,0.141537,0.367234
9.770036,0.010039,9.670181,0.036330,0.141902,0.368659
9.779999,0.009962,9.653421,0.019570,0.142097,0.370074
9.790074,0.010075,9.691728,0.057878,0.142680,0.371512
9.800008,0.009935,9.642647,0.008797,0.142767,0.372930
9.810060,0.010052,9.674969,0.041118,0.143180,0.374369
9.820007,0.009946,9.635465,0.001614,0.143196,0.375794
9.830134,0.010127,9.680954,0.047104,0.143673,0.377249
9.840036,0.009902,9.647436,0.013585,0.143808,0.378673
9.850133,0.010098,9.662998,0.029147,0.144102,0.380128
9.860009,0.009876,9.702502,0.068652,0.144780,0.381558
9.870044,0.010035,9.674969,0.041118,0.145193,0.383014
9.880023,0.009979,9.707291,0.073440,0.145926,0.384471
9.890060,0.010037,9.643844,0.009994,0.146026,0.385936
9.899991,0.009931,9.665392,0.031541,0.146339,0.387390
9.910067,0.010076,9.670181,0.036330,0.146705,0.388868
9.920022,0.009956,9.661801,0.027950,0.146984,0.390331
9.930131,0.010109,9.684546,0.050695,0.147496,0.391822
9.940028,0.009897,9.642647,0.008797,0.147583,0.393283
9.950036,0.010008,9.649830,0.015979,0.147743,0.394761
9.960020,0.009984,9.615114,-0.018737,0.147556,0.396235
9.970044,0.010025,9.670181,0.036330,0.147920,0.397717
9.980028,0.009984,9.674969,0.041118,0.148331,0.399198
9.990064,0.010036,9.642647,0.008797,0.148419,0.400688
9.999997,0.009933,9.666589,0.032739,0.148744,0.402165
10.010046,0.010049,9.665392,0.031541,0.149061,0.403663
10.020043,0.009997,9.667786,0.033936,0.149400,0.405157
10.030119,0.010076,9.700108,0.066257,0.150068,0.406669
10.040011,0.009892,9.645041,0.011191,0.150179,0.408154
10.050033,0.010022,9.730036,0.096185,0.151143,0.409669
10.059994,0.009961,9.664195,0.030344,0.151445,0.411178
10.070075,0.010082,9.658209,0.024359,0.151690,0.412707
10.080009,0.009933,9.643844,0.009994,0.151790,0.414215
10.090049,0.010040,9.642647,0.008797,0.151878,0.415740
10.100019,0.009971,9.665392,0.031541,0.152193,0.417257
10.110014,0.009995,9.676166,0.042315,0.152615,0.418782
10.119993,0.009979,9.659407,0.025556,0.152870,0.420308
10.130100,0.010108,9.716867,0.083017,0.153710,0.421862
10.140022,0.009922,9.679757,0.045907,0.154165,0.423391
10.150061,0.010039,9.643844,0.009994,0.154265,0.424940
10.160000,0.009939,9.658209,0.024359,0.154507,0.426475
10.170056,0.010056,9.664195,0.030344,0.154813,0.428032
10.180014,0.009958,9.629479,-0.004372,0.154769,0.429573
10.190060,0.010046,9.652224,0.018373,0.154954,0.431130
10.200018,0.009958,9.691728,0.057878,0.155530,0.432679
10.210037,0.010019,9.716867,0.083017,0.156362,0.434245
10.219998,0.009961,9.674969,0.041118,0.156771,0.435807
10.230108,0.010111,9.653421,0.019570,0.156969,0.437394
10.240027,0.009918,9.658209,0.024359,0.157211,0.438953
10.250048,0.010021,9.671378,0.037527,0.157587,0.440533
10.259999,0.009951,9.652224,0.018373,0.157770,0.442102
10.270036,0.010037,9.670181,0.036330,0.158134,0.443690
10.280031,0.009996,9.714473,0.080623,0.158940,0.445278
10.290062,0.010030,9.652224,0.018373,0.159124,0.446874
10.300021,0.009960,9.720459,0.086608,0.159987,0.448468
10.310054,0.010033,9.692925,0.059075,0.160580,0.450079
10.320008,0.009954,9.658209,0.024359,0.160822,0.451680
10.330121,0.010113,9.648633,0.014782,0.160972,0.453308
